Topic,Slug,PublishDate,Keyword
The Best Web Development Agency in Nigeria for 2026,best-web-development-agency-nigeria,2026-04-12,best web development agency nigeria
Custom SaaS Developers USA: Guide to the Right Partner,custom-saas-developers-usa,2026-04-26,custom saas developers usa
AWS Cloud DevOps Consulting in the UK: Full Setup,aws-cloud-devops-consulting-uk,2026-05-10,aws cloud devops consulting uk
Top Fintech Software Development Trends in Canada,fintech-software-development-canada,2026-05-24,fintech software development canada
Why Your Tech Agency in Cameroon Needs Digital Strategy,tech-agency-cameroon-digital-strategy,2026-06-07,tech agency cameroon
React vs Flutter for MVP in 2026: Comparative Guide,react-vs-flutter-mvp-2026,2026-06-21,react vs flutter for mvp 2026
Scaling Web Apps: Lessons from Top Nigeria Web Agencies,scaling-web-apps-nigeria,2026-07-05,best web development agency nigeria
Mobile App Development USA: Security Best Practices,mobile-app-development-security-usa,2026-07-19,custom mobile app development company usa
Maximizing Cloud ROI: UK DevOps Case Studies,maximizing-cloud-roi-uk,2026-08-02,aws cloud devops consulting uk
E-commerce Evolution: Canadian Web Development Strategies,ecommerce-canadian-web-dev,2026-08-16,fintech software development canada
UI/UX Design Innovations Reshaping Startups in Cameroon,ui-ux-design-startups-cameroon,2026-08-30,tech agency cameroon
How to Outsource Tech Talent from Nigeria Successfully,outsource-tech-talent-nigeria,2026-09-13,best web development agency nigeria
Enterprise Node.js Architecture in the US Tech Scene,enterprise-nodejs-architecture-us,2026-09-27,custom saas developers usa
Serverless DevOps: The New Standard in the UK,serverless-devops-uk,2026-10-11,aws cloud devops consulting uk
Healthcare App Development: Canada’s Growing Needs,healthcare-app-development-canada,2026-10-25,fintech software development canada
Expanding Digital Operations: Cloud Services in Cameroon,expanding-digital-operations-cameroon,2026-11-08,tech agency cameroon
The ROI of SEO Services for Nigerian Agencies,roi-seo-services-nigerian-agencies,2026-11-22,seo services nigeria
Tech Stacks Behind Sustainable US Startups in 2026,tech-stacks-successful-us-startups,2026-12-06,custom mobile app development company usa
Bridging the Gap: UK Tech and Global IT Integrations,bridging-gap-uk-tech,2026-12-20,aws cloud devops consulting uk
FinTech Integrations: Payment Gateways in Canada,fintech-integrations-canada,2027-01-03,fintech software development canada
Building Resilient IT Infrastructure in Cameroon,resilient-it-infrastructure-cameroon,2027-01-17,tech agency cameroon
The Future of E-Commerce in Nigeria: Tech & Trends,future-ecommerce-nigeria,2027-01-31,best web development agency nigeria
AI-Powered SaaS Tools Emerging from the USA,ai-saas-tools-usa,2027-02-14,custom saas developers usa
Preparing for 2027: Digital Transformation Strategies,digital-transformation-strategies-2027,2027-02-28,best web development agency nigeria
